TRADE NO 	DATETIME 	TYPE 	SYMBOL 	VOLUME 	OPEN PRICE 	CLOSE PRICE 	SWAP 	COMMISSION 	P&L
70895433 	2021-03-13 17:26 	BALANCE 		0.01 	0 	0 	0 	0 	352
70915579 	2021-03-15 16:31 	BUY 	EURNZD 	0.01 	1.65988 	1.66059 	0 	0 	0.43
70987400 	2021-03-15 16:31 	BUY 	EURNZD 	0.02 	1.65595 	1.66059 	0 	0 	5.59
71157191 	2021-03-16 13:49 	SELL 	EURNZD 	0.01 	1.66112 	1.65776 	0 	0 	2.03
71169662 	2021-03-16 14:29 	SELL 	CHFJPY 	0.01 	117.86 	117.519 	0 	0 	2.63
71200802 	2021-03-17 06:18 	BUY 	EURNZD 	0.01 	1.65759 	1.65834 	-0.11 	0 	0.45
71241756 	2021-03-17 06:18 	BUY 	EURNZD 	0.02 	1.65375 	1.65834 	-0.23 	0 	5.54
71418392 	2021-03-17 19:19 	SELL 	EURNZD 	0.01 	1.66323 	1.65767 	0 	0 	3.35
71463031 	2021-03-17 19:11 	BALANCE 		0.01 	0 	0 	0 	0 	-10
71509960 	2021-03-17 22:45 	BUY 	EURNZD 	0.01 	1.64963 	1.65536 	0 	0 	3.46
71734997 	2021-03-19 21:19 	SELL 	EURNZD 	0.01 	1.65952 	1.6611 	0.03 	0 	-0.95
71800403 	2021-03-19 21:19 	SELL 	USDCAD 	0.01 	1.24769 	1.25055 	-0.04 	0 	-1.92
72003011 	2021-03-19 21:19 	BUY 	CHFJPY 	0.01 	117.048 	117.152 	0 	0 	0.8
72005485 	2021-03-19 21:19 	SELL 	USDCAD 	0.02 	1.25289 	1.25055 	0 	0 	3.14
72047072 	2021-03-19 17:30 	BALANCE 		0.01 	0 	0 	0 	0 	-40
72106127 	2021-03-23 08:56 	BUY 	USDCHF 	0.01 	0.9247 	0.92826 	0.04 	0 	3.23
72139022 	2021-03-23 19:58 	SELL 	EURNZD 	0.01 	1.66616 	1.69332 	0.03 	0 	-16.04
72143689 	2021-03-23 19:58 	SELL 	EURNZD 	0.02 	1.67091 	1.6933 	0.06 	0 	-26.45
72147077 	2021-03-23 19:58 	SELL 	GBPNZD 	0.01 	1.94512 	1.96603 	0 	0 	-12.35
72147113 	2021-03-23 19:58 	BUY 	NZDCAD 	0.01 	0.89274 	0.87942 	0 	0 	-8.94
72150155 	2021-03-23 19:58 	SELL 	EURNZD 	0.03 	1.67608 	1.69332 	0 	0 	-30.54
72157617 	2021-03-23 19:58 	SELL 	GBPNZD 	0.02 	1.95047 	1.96603 	0 	0 	-18.38
72164257 	2021-03-23 19:58 	SELL 	EURNZD 	0.04 	1.68349 	1.69332 	0 	0 	-23.22
72164400 	2021-03-23 19:58 	BUY 	NZDCAD 	0.02 	0.8888 	0.87942 	0 	0 	-12.6
72172023 	2021-03-23 19:58 	SELL 	GBPNZD 	0.03 	1.95748 	1.96601 	0 	0 	-15.12
72175884 	2021-03-23 19:58 	BUY 	NZDCHF 	0.01 	0.65595 	0.65356 	0 	0 	-2.15
72495626 	2021-03-25 15:06 	BALANCE 		0.01 	0 	0 	0 	0 	117.7
73581255 	2021-04-16 21:06 	BALANCE 		0.01 	0 	0 	0 	0 	-281.47
73581400 	2021-04-16 21:12 	BALANCE 		0.01 	0 	0 	0 	0 	281.47
73581445 	2021-04-19 04:54 	SELL 	GBPUSD 	0.01 	1.38384 	1.38332 	0.03 	0 	0.43
73581574 	2021-04-19 04:54 	SELL 	GBPJPY 	0.01 	150.53 	150.303 	-0.04 	0 	1.75
73597238 	2021-04-19 05:22 	SELL 	EURGBP 	0.01 	0.86422 	0.86407 	0 	0 	0.17
73597504 	2021-04-19 06:54 	SELL 	USDJPY 	0.01 	108.638 	108.56 	0 	0 	0.6
73601242 	2021-04-19 07:38 	SELL 	GBPUSD 	0.02 	1.38554 	1.38515 	0 	0 	0.65
73601317 	2021-04-19 07:38 	BUY 	EURGBP 	0.02 	0.86359 	0.86438 	0 	0 	1.83
73601410 	2021-04-19 07:38 	SELL 	GBPCHF 	0.02 	1.27531 	1.27471 	0 	0 	1.09
73603632 	2021-04-27 17:06 	BUY 	USDJPY 	0.02 	108.547 	108.593 	0.47 	0 	0.7
73611188 	2021-04-19 09:15 	SELL 	USDCHF 	0.02 	0.91687 	0.91682 	0 	0 	0.09
73611275 	2021-04-21 09:17 	SELL 	EURCAD 	0.02 	1.50047 	1.51203 	0.08 	0 	-15.29
73611326 	2021-04-20 13:43 	BUY 	USDCHF 	0.02 	0.91667 	0.91687 	0.08 	0 	0.36
73611345 	2021-04-22 17:18 	SELL 	EURCAD 	0.02 	1.50044 	1.50029 	0.19 	0 	0.2
73611460 	2021-04-21 15:26 	SELL 	AUDCAD 	0.02 	0.96983 	0.96703 	-0.24 	0 	3.73
73615727 	2021-04-19 13:07 	SELL 	NZDUSD 	0.02 	0.71902 	0.71877 	0 	0 	0.41
73615968 	2021-04-19 18:06 	SELL 	EURCAD 	0.02 	1.50091 	1.50879 	0 	0 	-10.45
73616085 	2021-04-19 14:38 	BUY 	EURCHF 	0.02 	1.10022 	1.10037 	0 	0 	0.27
73616625 	2021-04-19 13:57 	SELL 	AUDCAD 	0.02 	0.97066 	0.97048 	0 	0 	0.24
73621258 	2021-04-21 14:16 	SELL 	GBPUSD 	0.01 	1.38971 	1.38903 	0.06 	0 	0.57
73621370 	2021-04-19 11:49 	BUY 	USDCHF 	0.01 	0.91353 	0.91406 	0 	0 	0.48
73640603 	2021-04-20 02:48 	SELL 	USDCAD 	0.02 	1.25158 	1.25127 	-0.07 	0 	0.41
73654392 	2021-04-19 19:53 	SELL 	GBPUSD 	0.01 	1.39885 	1.39866 	0 	0 	0.15
73666363 	2021-04-20 16:28 	SELL 	EURJPY 	0.01 	130.233 	130.17 	0 	0 	0.48
73681455 	2021-04-20 10:54 	SELL 	AUDUSD 	0.02 	0.77916 	0.77811 	0 	0 	1.74
73696963 	2021-04-20 10:54 	SELL 	EURJPY 	0.02 	130.889 	130.824 	0 	0 	0.99
73697020 	2021-04-20 10:54 	SELL 	AUDJPY 	0.01 	84.518 	84.414 	0 	0 	0.79
73701573 	2021-04-20 11:27 	SELL 	EURCHF 	0.01 	1.10423 	1.10385 	0 	0 	0.34
73702080 	2021-04-20 12:22 	BUY 	AUDNZD 	0.01 	1.0792 	1.07957 	0 	0 	0.22
73737108 	2021-04-21 04:46 	SELL 	USDCAD 	0.01 	1.26098 	1.26041 	-0.04 	0 	0.37
73737139 	2021-04-21 08:12 	SELL 	EURAUD 	0.01 	1.55819 	1.55736 	0.04 	0 	0.53
73737312 	2021-04-21 04:46 	SELL 	GBPCAD 	0.01 	1.75771 	1.75577 	0.01 	0 	1.28
73755180 	2021-04-21 18:32 	BUY 	AUDNZD 	0.01 	1.07524 	1.07548 	0 	0 	0.14
73775100 	2021-04-21 15:26 	BUY 	AUDJPY 	0.02 	83.408 	83.673 	0 	0 	4.08
73796762 	2021-04-21 17:16 	BUY 	USDCAD 	0.02 	1.24858 	1.24891 	0 	0 	0.44
73796867 	2021-04-21 17:26 	BUY 	GBPCAD 	0.02 	1.74021 	1.74051 	0 	0 	0.4
73797988 	2021-04-21 23:38 	SELL 	NZDUSD 	0.02 	0.72083 	0.72043 	0 	0 	0.67
73800994 	2021-04-22 07:08 	SELL 	XAGUSD 	0.01 	26.491 	26.401 	-0.14 	0 	3.74
73801111 	2021-04-21 22:28 	BUY 	GBPNZD 	0.01 	1.93233 	1.93359 	0 	0 	0.75
73804280 	2021-04-22 04:16 	SELL 	EURCHF 	0.01 	1.10349 	1.10334 	-0.15 	0 	0.14
73808798 	2021-04-22 05:16 	SELL 	AUDUSD 	0.01 	0.7754 	0.77509 	0 	0 	0.26
73808865 	2021-04-22 05:47 	BUY 	USDCAD 	0.01 	1.24984 	1.25098 	0 	0 	0.76
73811992 	2021-04-22 06:05 	BUY 	USDCHF 	0.01 	0.91596 	0.91645 	0 	0 	0.45
73816654 	2021-04-22 07:20 	SELL 	NZDCHF 	0.01 	0.65848 	0.65806 	0 	0 	0.38
73818924 	2021-04-22 08:32 	SELL 	XAGUSD 	0.01 	26.498 	26.469 	0 	0 	1.2
73819019 	2021-04-22 08:32 	BUY 	USDCAD 	0.01 	1.24848 	1.24919 	0 	0 	0.47
73821774 	2021-04-22 09:51 	BUY 	USDCHF 	0.01 	0.91568 	0.91619 	0 	0 	0.46
73822159 	2021-05-10 17:59 	BUY 	GBPCHF 	0.01 	1.27349 	1.27262 	0.3 	0 	-0.8
73822267 	2021-04-22 10:18 	BUY 	NZDCHF 	0.01 	0.65716 	0.65767 	0 	0 	0.46
73824579 	2021-04-22 11:11 	BUY 	CHFJPY 	0.01 	117.948 	117.991 	0 	0 	0.33
73824766 	2021-04-22 11:13 	BUY 	CHFSGD 	0.02 	1.45014 	1.45069 	0 	0 	0.69
73824927 	2021-04-22 10:49 	BUY 	GBPNZD 	0.02 	1.93554 	1.93588 	0 	0 	0.41
73825051 	2021-04-22 12:00 	BUY 	USDCAD 	0.02 	1.24963 	1.25052 	0 	0 	1.18
73825190 	2021-04-22 11:19 	BUY 	GBPCAD 	0.02 	1.73795 	1.73852 	0 	0 	0.76
73826776 	2021-05-04 09:45 	SELL 	EURGBP 	0.02 	0.86596 	0.8657 	0.2 	0 	0.6
73828763 	2021-05-04 09:08 	SELL 	EURGBP 	0.02 	0.86663 	0.86628 	0.2 	0 	0.81
73862909 	2021-04-22 20:45 	BUY 	GBPJPY 	0.02 	149.483 	149.557 	0 	0 	1.14
73862939 	2021-04-23 07:57 	BUY 	GBPCAD 	0.02 	1.73021 	1.73094 	-0.16 	0 	0.98
73862963 	2021-04-23 04:27 	BUY 	AUDCAD 	0.02 	0.96356 	0.96369 	-0.01 	0 	0.17
73873789 	2021-04-23 07:34 	BUY 	USDCAD 	0.02 	1.24795 	1.24848 	0 	0 	0.7
73878353 	2021-04-23 08:07 	BUY 	GBPNZD 	0.02 	1.93116 	1.93177 	0 	0 	0.73
73882773 	2021-04-23 09:58 	SELL 	EURCHF 	0.02 	1.1045 	1.104 	0 	0 	0.91
73883168 	2021-04-23 09:13 	SELL 	NZDUSD 	0.02 	0.71865 	0.71817 	0 	0 	0.8
73886422 	2021-04-23 15:17 	BUY 	USDJPY 	0.01 	107.911 	107.965 	0 	0 	0.41
73886472 	2021-04-23 14:55 	BUY 	USDCHF 	0.01 	0.91526 	0.9158 	0 	0 	0.49
73886490 	2021-04-23 10:51 	SELL 	EURAUD 	0.01 	1.56007 	1.55965 	0 	0 	0.27
73886507 	2021-04-23 10:53 	SELL 	EURCAD 	0.01 	1.50617 	1.50551 	0 	0 	0.44
73886528 	2021-04-23 10:53 	SELL 	EURNZD 	0.01 	1.68037 	1.67993 	0 	0 	0.26
73886560 	2021-04-23 14:00 	BUY 	NZDCHF 	0.01 	0.65709 	0.65788 	0 	0 	0.71
73886971 	2021-04-23 11:00 	SELL 	XAUUSD 	0.01 	1786.91 	1786.49 	0 	0 	0.35
73887331 	2021-04-23 12:56 	BUY 	AUDCHF 	0.02 	0.70777 	0.70807 	0 	0 	0.54
73894430 	2021-04-23 14:09 	SELL 	XAUUSD 	0.02 	1794.11 	1793.49 	0 	0 	1.03
73894505 	2021-04-23 14:57 	SELL 	NZDUSD 	0.02 	0.71872 	0.71772 	0 	0 	1.66
73894580 	2021-04-23 14:33 	SELL 	EURAUD 	0.02 	1.56088 	1.56008 	0 	0 	1.03
73894675 	2021-04-23 14:29 	SELL 	EURCAD 	0.02 	1.50833 	1.50766 	0 	0 	0.89
73894949 	2021-04-23 14:51 	BUY 	AUDJPY 	0.02 	83.258 	83.348 	0 	0 	1.39
73894973 	2021-04-23 16:22 	BUY 	AUDNZD 	0.02 	1.07677 	1.07788 	0 	0 	1.32
73895080 	2021-04-23 15:00 	BUY 	CADJPY 	0.02 	86.162 	86.261 	0 	0 	1.52
73898060 	2021-04-23 15:35 	SELL 	EURCHF 	0.02 	1.10492 	1.10421 	0 	0 	1.29
73898101 	2021-04-23 15:40 	BUY 	GBPNZD 	0.02 	1.92999 	1.93111 	0 	0 	1.34
73902347 	2021-04-23 20:15 	SELL 	EURNZD 	0.02 	1.6807 	1.68047 	0 	0 	0.27
73902419 	2021-05-03 09:04 	BUY 	GBPNZD 	0.02 	1.93061 	1.93206 	-1.36 	0 	1.73
73908139 	2021-04-30 15:51 	SELL 	NZDUSD 	0.01 	0.71936 	0.71936 	-0.07 	0 	0
73908143 	2021-04-26 08:41 	BUY 	USDCHF 	0.01 	0.9135 	0.91445 	0.04 	0 	0.86
73908165 	2021-04-26 01:01 	SELL 	EURJPY 	0.02 	130.477 	130.424 	0 	0 	0.81
73908190 	2021-04-26 00:59 	SELL 	CHFJPY 	0.02 	118.138 	118.06 	0.01 	0 	1.19
73920226 	2021-04-26 07:05 	SELL 	AUDUSD 	0.02 	0.77742 	0.77685 	0 	0 	0.94
73920247 	2021-04-26 07:04 	BUY 	USDCAD 	0.02 	1.24549 	1.2465 	0 	0 	1.34
73920262 	2021-04-26 07:32 	BUY 	GBPAUD 	0.02 	1.78851 	1.78955 	0 	0 	1.33
73922893 	2021-04-26 07:59 	SELL 	EURJPY 	0.02 	130.51 	130.411 	0 	0 	1.52
73922909 	2021-04-26 08:11 	SELL 	EURCAD 	0.02 	1.50889 	1.50784 	0 	0 	1.39
73923023 	2021-04-26 07:48 	SELL 	CHFJPY 	0.02 	118.092 	117.996 	0 	0 	1.47
73926458 	2021-04-27 09:51 	SELL 	AUDUSD 	0.02 	0.77758 	0.77722 	-0.05 	0 	0.6
73926547 	2021-04-26 13:10 	SELL 	AUDCAD 	0.02 	0.96902 	0.96872 	0 	0 	0.39
73926589 	2021-05-19 15:09 	SELL 	NZDJPY 	0.02 	77.705 	78.024 	-2.73 	0 	-4.8
73926607 	2021-05-12 20:51 	BUY 	USDCAD 	0.02 	1.24622 	1.213 	0 	0 	-45.37
73926626 	2021-04-27 15:43 	SELL 	NZDCHF 	0.02 	0.65867 	0.65778 	-0.18 	0 	1.61
73932357 	2021-04-26 12:18 	SELL 	NZDCAD 	0.01 	0.89911 	0.89887 	0 	0 	0.16
73932410 	2021-04-27 09:11 	SELL 	NZDUSD 	0.01 	0.7217 	0.72074 	-0.01 	0 	0.79
73934734 	2021-04-27 09:11 	SELL 	AUDUSD 	0.01 	0.77859 	0.77775 	-0.03 	0 	0.69
73958871 	2021-04-27 11:26 	BUY 	GBPCAD 	0.02 	1.72352 	1.72379 	-0.16 	0 	0.36
73958931 	2021-04-27 04:33 	SELL 	CHFJPY 	0.02 	118.249 	118.232 	0.01 	0 	0.26
73973768 	2021-04-27 07:14 	BUY 	EURAUD 	0.02 	1.54888 	1.54934 	0 	0 	0.59
73973814 	2021-04-27 07:14 	BUY 	EURCAD 	0.02 	1.4973 	1.49797 	0 	0 	0.89
73973882 	2021-04-27 07:22 	BUY 	GBPAUD 	0.02 	1.78202 	1.78241 	0 	0 	0.51
73973922 	2021-04-27 07:45 	SELL 	AUDJPY 	0.01 	84.366 	84.308 	0 	0 	0.44
73973951 	2021-04-27 08:18 	SELL 	AUDCHF 	0.01 	0.71364 	0.71311 	0 	0 	0.48
73973970 	2021-04-27 07:42 	SELL 	NZDJPY 	0.01 	78.211 	78.141 	0 	0 	0.53
73974008 	2021-04-27 08:27 	SELL 	NZDCHF 	0.01 	0.66164 	0.66087 	0 	0 	0.69
73985890 	2021-04-27 12:22 	BUY 	NZDCAD 	0.01 	0.89503 	0.89558 	0 	0 	0.37
73994862 	2021-04-27 14:27 	BUY 	USDCHF 	0.02 	0.91404 	0.91425 	0 	0 	0.38
74026585 	2021-05-04 10:04 	SELL 	EURJPY 	0.02 	131.366 	131.328 	0 	0 	0.58
74026615 	2021-04-28 03:27 	SELL 	GBPJPY 	0.02 	151.169 	151.077 	-0.08 	0 	1.4
74026636 	2021-04-28 02:30 	SELL 	AUDJPY 	0.02 	84.412 	84.307 	-0.17 	0 	1.6
74026717 	2021-04-28 07:02 	SELL 	CHFJPY 	0.02 	118.93 	118.896 	0.01 	0 	0.52
74026748 	2021-04-30 16:10 	SELL 	NZDJPY 	0.02 	78.348 	78.327 	-0.59 	0 	0.32
74047155 	2021-04-28 06:25 	SELL 	EURGBP 	0.02 	0.87031 	0.86959 	0 	0 	1.66
74047202 	2021-04-28 05:24 	SELL 	EURAUD 	0.02 	1.55997 	1.55892 	0 	0 	1.35
74047590 	2021-04-28 10:44 	BUY 	GBPCAD 	0.02 	1.72225 	1.7233 	0 	0 	1.41
74047646 	2021-04-30 15:56 	BUY 	AUDNZD 	0.02 	1.07554 	1.0765 	-0.05 	0 	1.14
74066628 	2021-06-21 04:37 	SELL 	CHFJPY 	0.02 	119.049 	118.976 	0.62 	0 	1.12
74066664 	2021-04-30 15:06 	SELL 	NZDJPY 	0.01 	78.581 	78.517 	-0.24 	0 	0.48
74138794 	2021-04-30 07:22 	SELL 	EURJPY 	0.01 	131.842 	131.812 	0 	0 	0.23
74138847 	2021-06-21 04:17 	SELL 	CADJPY 	0.01 	88.338 	88.257 	-3 	0 	0.62
74138931 	2021-05-05 09:02 	SELL 	CHFJPY 	0.01 	119.431 	119.399 	0.04 	0 	0.24
74139001 	2021-04-29 09:30 	SELL 	GBPUSD 	0.01 	1.39565 	1.39478 	0 	0 	0.72
74184092 	2021-05-10 15:21 	BUY 	GBPCAD 	0.01 	1.71307 	1.71297 	-0.73 	0 	-0.07
74184209 	2021-05-10 12:41 	BUY 	AUDCAD 	0.01 	0.95487 	0.95544 	-0.08 	0 	0.38
74270820 	2021-05-03 07:18 	SELL 	USDJPY 	0.01 	109.633 	109.606 	0 	0 	0.21
74284861 	2021-05-03 10:19 	SELL 	USDJPY 	0.01 	109.635 	109.568 	0 	0 	0.51
74284954 	2021-05-03 10:33 	SELL 	EURJPY 	0.01 	132.032 	131.997 	0 	0 	0.27
74289860 	2021-05-03 10:58 	SELL 	GBPNZD 	0.01 	1.93435 	1.93391 	0 	0 	0.26
74289946 	2021-05-03 11:16 	BUY 	NZDCAD 	0.01 	0.88173 	0.88199 	0 	0 	0.18
74291190 	2021-05-03 11:32 	SELL 	EURAUD 	0.01 	1.55998 	1.55954 	0 	0 	0.28
74296885 	2021-05-03 13:38 	SELL 	GBPJPY 	0.01 	151.811 	151.746 	0 	0 	0.49
74321202 	2021-05-03 17:09 	SELL 	XAUUSD 	0.01 	1793.11 	1792.91 	0 	0 	0.17
74321244 	2021-05-03 17:11 	BUY 	USDCAD 	0.01 	1.22781 	1.22818 	0 	0 	0.25
74321278 	2021-05-03 18:35 	SELL 	XAGUSD 	0.01 	26.852 	26.847 	0 	0 	0.21
74325377 	2021-05-03 20:00 	BUY 	USDCAD 	0.01 	1.2271 	1.22739 	0 	0 	0.19
74325394 	2021-05-03 23:39 	SELL 	AUDJPY 	0.01 	84.674 	84.63 	0 	0 	0.33
74326503 	2021-05-03 20:11 	SELL 	XAUUSD 	0.01 	1792.21 	1792 	0 	0 	0.17
74340017 	2021-05-04 08:00 	BUY 	NZDUSD 	0.01 	0.71691 	0.71714 	0 	0 	0.19
74340073 	2021-05-04 07:35 	BUY 	EURCAD 	0.01 	1.47994 	1.48021 	0 	0 	0.18
74340127 	2021-05-05 12:22 	SELL 	GBPNZD 	0.01 	1.93505 	1.93473 	0.02 	0 	0.19
74340175 	2021-05-04 15:06 	SELL 	AUDNZD 	0.01 	1.07937 	1.07842 	0 	0 	0.57
74340225 	2021-05-04 08:00 	BUY 	NZDCAD 	0.01 	0.88124 	0.88201 	0 	0 	0.52
74343976 	2021-05-04 08:32 	SELL 	AUDJPY 	0.01 	84.648 	84.565 	0 	0 	0.63
74357201 	2021-05-04 11:59 	BUY 	AUDUSD 	0.02 	0.7718 	0.77193 	0 	0 	0.21
74357327 	2021-05-04 14:35 	BUY 	NZDUSD 	0.02 	0.7142 	0.71476 	0 	0 	0.93
74357456 	2021-05-04 12:14 	BUY 	EURGBP 	0.01 	0.86529 	0.86575 	0 	0 	0.53
74357604 	2021-05-04 12:14 	SELL 	GBPAUD 	0.01 	1.79785 	1.79763 	0 	0 	0.14
74357686 	2021-05-04 13:51 	SELL 	GBPNZD 	0.01 	1.94295 	1.94255 	0 	0 	0.24
74357918 	2021-05-04 14:53 	BUY 	NZDCAD 	0.01 	0.87942 	0.87993 	0 	0 	0.34
74358002 	2021-05-04 23:46 	BUY 	NZDCHF 	0.02 	0.65369 	0.6548 	0 	0 	2.02
74368448 	2021-05-19 08:50 	BUY 	EURCHF 	0.02 	1.09875 	1.09929 	-0.3 	0 	0.98
74368496 	2021-05-04 14:27 	SELL 	EURNZD 	0.01 	1.6838 	1.68345 	0 	0 	0.21
74395522 	2021-05-04 16:11 	SELL 	XAUUSD 	0.01 	1794.2 	1793.43 	0 	0 	0.64
74395892 	2021-05-04 16:11 	BUY 	USDCHF 	0.01 	0.91177 	0.91211 	0 	0 	0.31
74396140 	2021-05-04 20:50 	SELL 	GBPAUD 	0.02 	1.80201 	1.80163 	0 	0 	0.49
74410031 	2021-05-04 18:07 	SELL 	EURAUD 	0.01 	1.56114 	1.56074 	0 	0 	0.26
74410184 	2021-05-04 17:54 	SELL 	GBPNZD 	0.01 	1.94721 	1.94655 	0 	0 	0.4
74418897 	2021-05-04 20:26 	BUY 	EURGBP 	0.01 	0.86478 	0.86499 	0 	0 	0.24
74418952 	2021-05-04 20:27 	SELL 	GBPJPY 	0.01 	151.843 	151.82 	0 	0 	0.17
74418997 	2021-05-04 21:16 	BUY 	NZDCAD 	0.01 	0.87914 	0.87956 	0 	0 	0.28
74422109 	2021-05-19 15:09 	BUY 	EURCAD 	0.02 	1.47845 	1.47919 	-3.34 	0 	1
74422133 	2021-05-06 11:35 	SELL 	GBPJPY 	0.02 	151.816 	151.802 	-0.33 	0 	0.21
74429285 	2021-05-05 09:36 	SELL 	GBPJPY 	0.02 	151.838 	151.784 	0 	0 	0.82
74429345 	2021-05-06 09:27 	BUY 	EURGBP 	0.01 	0.86501 	0.86557 	-0.11 	0 	0.65
74461719 	2021-05-05 09:12 	SELL 	GBPCHF 	0.01 	1.27298 	1.27232 	0 	0 	0.6
74461811 	2021-05-05 10:57 	SELL 	CADCHF 	0.02 	0.74514 	0.74508 	0 	0 	0.11
74461963 	2021-05-05 09:10 	SELL 	GBPCHF 	0.01 	1.27349 	1.27274 	0 	0 	0.69
74469750 	2021-06-17 08:30 	BUY 	USDCAD 	0.01 	1.22859 	1.22913 	0 	0 	0.37
74469827 	2021-05-06 03:41 	BUY 	EURAUD 	0.02 	1.55403 	1.55489 	-0.89 	0 	1.11
74469895 	2021-05-05 10:48 	BUY 	EURCAD 	0.01 	1.47424 	1.47453 	0 	0 	0.2
74470023 	2021-05-05 11:09 	BUY 	EURNZD 	0.02 	1.67333 	1.674 	0 	0 	0.8
74470182 	2021-05-05 14:32 	SELL 	CADJPY 	0.01 	88.991 	88.979 	0 	0 	0.09
74488660 	2021-05-05 21:29 	BUY 	EURCHF 	0.01 	1.09609 	1.09625 	0 	0 	0.15
74488724 	2021-05-06 03:49 	BUY 	EURNZD 	0.01 	1.66846 	1.66922 	-0.34 	0 	0.46
74488820 	2021-05-06 15:22 	SELL 	NZDJPY 	0.01 	78.622 	78.577 	-0.18 	0 	0.34
74514790 	2021-05-06 03:39 	SELL 	NZDUSD 	0.01 	0.7213 	0.72061 	-0.03 	0 	0.58
74514842 	2021-05-06 03:38 	BUY 	EURAUD 	0.01 	1.5496 	1.5507 	-0.45 	0 	0.71
74514863 	2021-05-06 03:39 	BUY 	EURNZD 	0.01 	1.66432 	1.6651 	-0.34 	0 	0.47
74514898 	2021-05-06 08:45 	BUY 	AUDNZD 	0.01 	1.07427 	1.07486 	-0.02 	0 	0.36
74534611 	2021-05-06 05:05 	SELL 	XAUUSD 	0.01 	1789.35 	1789.21 	0 	0 	0.12
74534722 	2021-05-06 07:04 	SELL 	USDJPY 	0.01 	109.345 	109.307 	0 	0 	0.29
74534750 	2021-05-06 04:45 	BUY 	AUDUSD 	0.02 	0.77145 	0.77217 	0 	0 	1.2
74534808 	2021-05-06 06:23 	BUY 	AUDCAD 	0.01 	0.94759 	0.94842 	0 	0 	0.56
74544278 	2021-05-06 07:18 	SELL 	XAUUSD 	0.01 	1791.95 	1791.69 	0 	0 	0.22
74544551 	2021-06-16 19:46 	BUY 	USDCAD 	0.01 	1.22636 	1.22699 	0 	0 	0.43
74544642 	2021-05-06 07:06 	SELL 	GBPJPY 	0.01 	152.036 	152.017 	0 	0 	0.15
74544732 	2021-05-06 07:19 	SELL 	XAGUSD 	0.01 	26.674 	26.644 	0 	0 	1.25
74553175 	2021-05-06 08:29 	SELL 	XAUUSD 	0.01 	1793.93 	1793.57 	0 	0 	0.3
74553259 	2021-06-17 08:20 	BUY 	USDCHF 	0.01 	0.91204 	0.91231 	1.68 	0 	0.25
74553449 	2021-05-06 09:54 	SELL 	CADJPY 	0.01 	89.186 	89.154 	0 	0 	0.24
74553511 	2021-05-06 08:33 	SELL 	XAGUSD 	0.01 	26.752 	26.721 	0 	0 	1.29
74562582 	2021-05-06 10:15 	BUY 	USDCHF 	0.01 	0.9104 	0.91069 	0 	0 	0.27
74562641 	2021-05-06 10:11 	SELL 	XAUUSD 	0.01 	1793.81 	1793.46 	0 	0 	0.29
74562912 	2021-05-06 12:09 	BUY 	GBPCHF 	0.01 	1.26595 	1.26657 	0 	0 	0.57
74562931 	2021-05-06 15:59 	BUY 	AUDCHF 	0.01 	0.70525 	0.70535 	0 	0 	0.09
74562944 	2021-06-18 06:49 	SELL 	CHFJPY 	0.01 	119.955 	119.92 	0.37 	0 	0.27
74604773 	2021-05-06 17:26 	SELL 	XAUUSD 	0.01 	1815.71 	1815.61 	0 	0 	0.08
74604811 	2021-05-06 19:18 	SELL 	AUDJPY 	0.01 	84.828 	84.821 	0 	0 	0.05
74604820 	2021-05-06 19:28 	SELL 	NZDJPY 	0.01 	78.836 	78.823 	0 	0 	0.1
74624121 	2021-05-07 05:46 	SELL 	XAGUSD 	0.01 	27.476 	27.431 	0 	0 	1.86
74963335 	2021-05-11 13:30 	SELL 	GBPUSD 	0.01 	1.4148 	1.41439 	0 	0 	0.34
75068012 	2021-05-12 10:05 	SELL 	EURNZD 	0.01 	1.67796 	1.67741 	0 	0 	0.33
75069179 	2021-05-12 09:58 	SELL 	GBPAUD 	0.01 	1.81309 	1.81247 	0 	0 	0.39
75085960 	2021-05-12 11:52 	BUY 	USDCAD 	0.01 	1.20853 	1.20897 	0 	0 	0.3
75086091 	2021-05-13 07:24 	BUY 	EURCAD 	0.01 	1.46632 	1.46719 	-0.34 	0 	0.59
75086330 	2021-05-12 11:46 	SELL 	CADJPY 	0.01 	89.989 	89.951 	0 	0 	0.29
75086620 	2021-05-14 12:16 	BUY 	NZDCAD 	0.01 	0.87472 	0.87537 	-0.03 	0 	0.44
75446766 	2021-05-14 13:36 	BUY 	USDCHF 	0.01 	0.90315 	0.90368 	0 	0 	0.49
75446945 	2021-06-17 08:11 	SELL 	EURJPY 	0.01 	132.517 	132.457 	0 	0 	0.45
75598746 	2021-05-17 12:56 	BUY 	USDCHF 	0.01 	0.90111 	0.90132 	0 	0 	0.19
75598980 	2021-05-17 14:36 	SELL 	EURAUD 	0.01 	1.56663 	1.56622 	0 	0 	0.26
75599165 	2021-05-17 17:39 	SELL 	EURNZD 	0.01 	1.68467 	1.68438 	0 	0 	0.17
75599358 	2021-05-17 15:46 	BUY 	AUDCHF 	0.01 	0.69866 	0.69926 	0 	0 	0.55
75599469 	2021-05-17 17:11 	BUY 	NZDCHF 	0.01 	0.64974 	0.6504 	0 	0 	0.6
75707390 	2021-05-18 07:20 	SELL 	XAUUSD 	0.01 	1870.62 	1870.33 	0 	0 	0.24
75707578 	2021-05-18 11:26 	BUY 	USDCAD 	0.01 	1.20342 	1.20392 	0 	0 	0.34
75749011 	2021-05-18 14:58 	SELL 	NZDUSD 	0.01 	0.72528 	0.72509 	0 	0 	0.16
75906998 	2021-05-19 12:58 	SELL 	EURAUD 	0.01 	1.57722 	1.57662 	0 	0 	0.38
75907222 	2021-05-19 12:38 	SELL 	EURNZD 	0.01 	1.69872 	1.69845 	0 	0 	0.16
75907300 	2021-05-19 12:36 	SELL 	GBPAUD 	0.01 	1.8289 	1.82867 	0 	0 	0.15
75907370 	2021-05-19 13:06 	SELL 	GBPNZD 	0.01 	1.96966 	1.96927 	0 	0 	0.23
75907672 	2021-05-19 13:20 	BUY 	AUDCHF 	0.01 	0.69785 	0.69853 	0 	0 	0.61
75907810 	2021-05-19 13:20 	BUY 	NZDCHF 	0.01 	0.648 	0.64843 	0 	0 	0.39
76084009 	2021-05-20 10:49 	SELL 	EURCAD 	0.01 	1.47882 	1.47859 	0 	0 	0.16
76084213 	2021-05-20 11:32 	SELL 	GBPCAD 	0.01 	1.71267 	1.71241 	0 	0 	0.17
76084789 	2021-05-20 11:11 	BUY 	CADCHF 	0.01 	0.74309 	0.74364 	0 	0 	0.5
76085025 	2021-05-20 13:39 	BUY 	NZDCHF 	0.01 	0.64701 	0.64762 	0 	0 	0.56
76263335 	2021-05-21 11:52 	SELL 	GBPUSD 	0.01 	1.42234 	1.42205 	0 	0 	0.24
76263352 	2021-05-21 11:55 	BUY 	USDCHF 	0.01 	0.89625 	0.89643 	0 	0 	0.16
76263395 	2021-05-21 14:45 	BUY 	USDCAD 	0.01 	1.20484 	1.20498 	0 	0 	0.1
76272075 	2021-05-21 13:40 	BUY 	EURGBP 	0.01 	0.85904 	0.85916 	0 	0 	0.14
76341866 	2021-05-24 06:22 	SELL 	XAUUSD 	0.01 	1885.4 	1884.89 	0 	0 	0.42
76525545 	2021-05-25 15:13 	SELL 	EURJPY 	0.01 	133.416 	133.387 	0 	0 	0.22
76525675 	2021-05-26 10:13 	SELL 	EURGBP 	0.01 	0.86469 	0.86434 	0.01 	0 	0.4
76525741 	2021-06-04 16:14 	BUY 	AUDNZD 	0.01 	1.0738 	1.07467 	-0.1 	0 	0.51
76716904 	2021-05-26 11:02 	SELL 	EURCAD 	0.01 	1.47864 	1.47841 	0 	0 	0.16
76717064 	2021-05-26 11:23 	SELL 	GBPCAD 	0.01 	1.71044 	1.71007 	0 	0 	0.25
76717247 	2021-05-26 11:25 	SELL 	CHFJPY 	0.01 	121.747 	121.679 	0 	0 	0.51
76892493 	2021-05-27 17:23 	BUY 	EURNZD 	0.01 	1.67248 	1.67313 	0 	0 	0.39
76892793 	2021-05-27 07:54 	BUY 	CADCHF 	0.01 	0.73994 	0.74051 	0 	0 	0.52
76892981 	2021-05-27 07:27 	SELL 	NZDJPY 	0.01 	79.564 	79.535 	0 	0 	0.22
76936574 	2021-05-27 15:57 	SELL 	NZDCHF 	0.01 	0.65564 	0.65523 	0 	0 	0.37
79433733 	2021-06-10 12:40 	BUY 	GBPCHF 	0.01 	1.26285 	1.26347 	0 	0 	0.57
81261076 	2021-06-18 13:05 	SELL 	EURCHF 	0.01 	1.09452 	1.09424 	0 	0 	0.26
81343125 	2021-06-18 15:12 	BUY 	AUDUSD 	0.01 	0.74957 	0.74986 	0 	0 	0.24
81343436 	2021-06-18 15:14 	SELL 	USDCHF 	0.01 	0.92199 	0.92189 	0 	0 	0.1
81343682 	2021-06-18 19:21 	SELL 	EURNZD 	0.01 	1.70896 	1.70859 	0 	0 	0.22
81343871 	2021-06-21 15:00 	BUY 	AUDJPY 	0.01 	82.847 	82.915 	0.02 	0 	0.52
81344028 	2021-06-21 10:27 	BUY 	NZDJPY 	0.01 	76.699 	76.796 	0.01 	0 	0.74
81344273 	2021-06-18 15:38 	BUY 	NZDCAD 	0.01 	0.86087 	0.86141 	0 	0 	0.37
81504527 	2021-06-21 07:00 	SELL 	USDCAD 	0.01 	1.24749 	1.24723 	0 	0 	0.18
81504835 	2021-06-21 07:18 	SELL 	EURCAD 	0.01 	1.47981 	1.47957 	0 	0 	0.16
81517653 	2021-06-21 08:25 	BUY 	AUDCHF 	0.01 	0.69066 	0.69104 	0 	0 	0.34
81517911 	2021-06-21 13:06 	SELL 	GBPCAD 	0.01 	1.72295 	1.72257 	0 	0 	0.26
81518004 	2021-06-21 08:21 	SELL 	EURAUD 	0.01 	1.58438 	1.58417 	0 	0 	0.13
81518824 	2021-06-21 08:46 	BUY 	CADJPY 	0.01 	88.139 	88.192 	0 	0 	0.4
81539531 	2021-06-21 12:08 	SELL 	EURCHF 	0.01 	1.09557 	1.09527 	0 	0 	0.27
81539630 	2021-06-21 11:01 	SELL 	GBPAUD 	0.01 	1.84626 	1.84585 	0 	0 	0.26
81675388 	2021-06-22 07:49 	SELL 	GBPCHF 	0.01 	1.27891 	1.27866 	0 	0 	0.23
81746087 	2021-06-22 15:47 	SELL 	USDJPY 	0.01 	110.698 	110.67 	0 	0 	0.21
81746140 	2021-06-22 16:02 	SELL 	GBPAUD 	0.01 	1.85087 	1.85059 	0 	0 	0.18
81752883 	2021-06-22 17:30 	SELL 	USDJPY 	0.01 	110.727 	110.71 	0 	0 	0.13
81752947 	2021-06-22 19:25 	SELL 	GBPCHF 	0.01 	1.28125 	1.28026 	0 	0 	0.91
81753009 	2021-06-23 02:44 	SELL 	NZDCHF 	0.01 	0.64416 	0.64383 	-0.09 	0 	0.3
81888363 	2021-06-23 09:36 	SELL 	USDJPY 	0.01 	110.883 	110.847 	0 	0 	0.27
81888672 	2021-06-23 09:06 	BUY 	EURGBP 	0.01 	0.85426 	0.8544 	0 	0 	0.16
81888970 	2021-06-23 08:30 	BUY 	EURCAD 	0.01 	1.46788 	1.46862 	0 	0 	0.5
81889206 	2021-06-23 12:36 	SELL 	GBPJPY 	0.01 	154.795 	154.775 	0 	0 	0.15
81908773 	2021-06-23 09:32 	BUY 	AUDCAD 	0.01 	0.92935 	0.92988 	0 	0 	0.37
81909016 	2021-06-23 15:52 	SELL 	CADCHF 	0.01 	0.74631 	0.74602 	0 	0 	0.26
81992219 	2021-06-23 14:56 	SELL 	CADJPY 	0.01 	90.328 	90.311 	0 	0 	0.13
82106835 	2021-06-24 14:35 	SELL 	EURCHF 	0.01 	1.09708 	1.09666 	0 	0 	0.38
82106931 	2021-06-24 10:32 	SELL 	GBPCHF 	0.01 	1.28417 	1.28394 	0 	0 	0.21
82107038 	2021-06-24 09:31 	SELL 	CADCHF 	0.01 	0.74781 	0.74766 	0 	0 	0.14
82126927 	2021-06-24 15:35 	SELL 	NZDCHF 	0.01 	0.64863 	0.6483 	0 	0 	0.3
82864866 	2021-06-28 21:25 	BUY 	AUDJPY 	0.01 	83.65 	83.68 	0 	0 	0.23
83145252 	2021-06-29 12:17 	SELL 	EURAUD 	0.01 	1.58213 	1.58142 	0 	0 	0.45
83145769 	2021-06-29 12:17 	SELL 	EURNZD 	0.01 	1.70216 	1.70193 	0 	0 	0.14
83146465 	2021-06-30 15:49 	BUY 	AUDJPY 	0.01 	83.215 	83.271 	0.02 	0 	0.43
83147633 	2021-06-30 07:50 	BUY 	NZDJPY 	0.01 	77.326 	77.39 	0.01 	0 	0.49
83541652 	2021-06-30 07:12 	BUY 	XAUUSD 	0.01 	1758.54 	1758.88 	0 	0 	0.29
83541845 	2021-06-30 07:41 	SELL 	USDCHF 	0.01 	0.92138 	0.92107 	0 	0 	0.29
83542110 	2021-06-30 07:42 	SELL 	EURCHF 	0.01 	1.09669 	1.09644 	0 	0 	0.23
83543028 	2021-06-30 07:57 	BUY 	XAGUSD 	0.01 	25.812 	25.844 	0 	0 	1.34
83807771 	2021-06-30 14:28 	BUY 	XAUUSD 	0.01 	1757.34 	1757.41 	0 	0 	0.06
83808330 	2021-06-30 14:31 	BUY 	AUDUSD 	0.01 	0.74987 	0.75011 	0 	0 	0.21
83808530 	2021-06-30 14:32 	SELL 	USDCHF 	0.01 	0.92432 	0.92411 	0 	0 	0.19
83808936 	2021-06-30 14:30 	SELL 	EURNZD 	0.01 	1.70294 	1.70262 	0 	0 	0.19
83847421 	2021-06-30 15:54 	BUY 	EURCAD 	0.01 	1.46707 	1.46783 	0 	0 	0.52
83984663 	2021-07-01 06:33 	BUY 	GBPUSD 	0.01 	1.38099 	1.38117 	0 	0 	0.15
83984838 	2021-07-01 07:23 	SELL 	USDCHF 	0.01 	0.92615 	0.92581 	0 	0 	0.31
83985069 	2021-07-01 09:48 	BUY 	AUDNZD 	0.01 	1.07186 	1.07214 	0 	0 	0.17
83985184 	2021-07-01 10:23 	SELL 	CADCHF 	0.01 	0.74634 	0.74607 	0 	0 	0.25
84044537 	2021-07-01 12:01 	SELL 	USDJPY 	0.01 	111.482 	111.448 	0 	0 	0.26
84052152 	2021-07-01 12:21 	SELL 	CADJPY 	0.01 	89.908 	89.882 	0 	0 	0.2
84052240 	2021-07-01 13:42 	BUY 	AUDCAD 	0.01 	0.92838 	0.92855 	0 	0 	0.11
84052372 	2021-07-01 16:25 	BUY 	GBPCAD 	0.01 	1.71053 	1.7107 	0 	0 	0.12
84123627 	2021-07-01 16:30 	SELL 	EURAUD 	0.01 	1.58749 	1.58695 	0 	0 	0.34
84123984 	2021-07-01 16:20 	SELL 	EURGBP 	0.01 	0.86115 	0.861 	0 	0 	0.17 



